location,avg_temperature,avg_humidity
BuildingB_Floor2,25.389874476987462,54.19677824267782
BuildingB_Floor1,25.168872727272742,55.700763636363604
BuildingA_Floor2,25.086716417910434,54.94197761194029
BuildingA_Floor1,24.128669724770635,55.12876146788984
