sensor_id,avg_temp,rank_temp
1064,29.727142857142855,1
1065,28.97666666666667,2
1054,28.853333333333335,3
1070,28.798571428571424,4
1049,28.659999999999993,5
